{
  "all_countries": {
    "countries": [
      "ARG",
      "BOL",
      "BRA",
      "BWA",
      "CHL",
      "CHN",
      "COL",
      "CRI",
      "EGY",
      "ETH",
      "GHA",
      "HKG",
      "IDN",
      "IND",
      "JPN",
      "KEN",
      "KOR",
      "MEX",
      "MUS",
      "MWI",
      "MYS",
      "NGA",
      "PER",
      "PHL",
      "SEN",
      "SGP",
      "THA",
      "TWN",
      "TZA",
      "ZAF",
      "ZMB"
    ],
    "hamilton": {
      "pooled": {
        "rho": 0.4792630761773083,
        "se_rho": 0.042750706735844544,
        "intercept": -0.0001402180015227949,
        "var": 0.003093906750823222,
        "sigma": 0.055622897720482185,
        "n_obs": 1617
      },
      "by_country": {
        "ARG": {
          "rho": 0.4708038693019586,
          "se_rho": 0.11122215419338488,
          "sigma": 0.05424376895660554,
          "var": 0.0029423864706176034,
          "yr_min": 1955,
          "yr_max": 2018,
          "n_obs": 63
        },
        "BOL": {
          "rho": 0.48284941488141947,
          "se_rho": 0.10911466665650321,
          "sigma": 0.055525791440530485,
          "var": 0.0030831135150972883,
          "yr_min": 1955,
          "yr_max": 2018,
          "n_obs": 63
        },
        "BRA": {
          "rho": 0.5124270300831746,
          "se_rho": 0.1083519467026332,
          "sigma": 0.053565011127548835,
          "var": 0.0028692104170944307,
          "yr_min": 1955,
          "yr_max": 2018,
          "n_obs": 63
        },
        "BWA": {
          "rho": 0.5248758876094021,
          "se_rho": 0.1200903597743377,
          "sigma": 0.12999986596178598,
          "var": 0.01689996515008232,
          "yr_min": 1969,
          "yr_max": 2018,
          "n_obs": 49
        },
        "CHL": {
          "rho": 0.4872290544825588,
          "se_rho": 0.10701132924415857,
          "sigma": 0.046137033785382024,
          "var": 0.0021286258865134823,
          "yr_min": 1955,
          "yr_max": 2018,
          "n_obs": 63
        },
        "CHN": {
          "rho": 0.44857003581086236,
          "se_rho": 0.1144719575166855,
          "sigma": 0.11091875495533556,
          "var": 0.012302970200841775,
          "yr_min": 1957,
          "yr_max": 2018,
          "n_obs": 61
        },
        "COL": {
          "rho": 0.5103326374558887,
          "se_rho": 0.10897215251132729,
          "sigma": 0.040589978652326435,
          "var": 0.0016475463669963159,
          "yr_min": 1955,
          "yr_max": 2018,
          "n_obs": 63
        },
        "CRI": {
          "rho": 0.48539390752029665,
          "se_rho": 0.11012807037772243,
          "sigma": 0.03957796066934909,
          "var": 0.0015664149707445437,
          "yr_min": 1955,
          "yr_max": 2018,
          "n_obs": 63
        },
        "EGY": {
          "rho": 0.5160456803200172,
          "se_rho": 0.11929213096096071,
          "sigma": 0.038416657654374964,
          "var": 0.0014758395853334463,
          "yr_min": 1965,
          "yr_max": 2018,
          "n_obs": 53
        },
        "ETH": {
          "rho": 0.46479376687524837,
          "se_rho": 0.12290897445651279,
          "sigma": 0.04432697595474325,
          "var": 0.001964880797292386,
          "yr_min": 1966,
          "yr_max": 2018,
          "n_obs": 52
        },
        "GHA": {
          "rho": 0.536511923767124,
          "se_rho": 0.11573614793111531,
          "sigma": 0.023445491410393662,
          "var": 0.0005496910674748429,
          "yr_min": 1965,
          "yr_max": 2018,
          "n_obs": 53
        },
        "HKG": {
          "rho": 0.35541627607516735,
          "se_rho": 0.13304472030945394,
          "sigma": 0.06703388068774042,
          "var": 0.0044935411600582195,
          "yr_min": 1979,
          "yr_max": 2018,
          "n_obs": 39
        },
        "IDN": {
          "rho": 0.4693399968573622,
          "se_rho": 0.13468205384125162,
          "sigma": 0.07094173687667583,
          "var": 0.005032730031079508,
          "yr_min": 1975,
          "yr_max": 2018,
          "n_obs": 43
        },
        "IND": {
          "rho": 0.45400385080445593,
          "se_rho": 0.12141141402955118,
          "sigma": 0.03206439380703497,
          "var": 0.0010281253502126225,
          "yr_min": 1965,
          "yr_max": 2018,
          "n_obs": 53
        },
        "JPN": {
          "rho": 0.4133267567845417,
          "se_rho": 0.11550936992551349,
          "sigma": 0.02329028099864469,
          "var": 0.0005424371889958299,
          "yr_min": 1958,
          "yr_max": 2018,
          "n_obs": 60
        },
        "KEN": {
          "rho": 0.5509991658231156,
          "se_rho": 0.11967082901146746,
          "sigma": 0.03949856864556479,
          "var": 0.0015601369250483935,
          "yr_min": 1974,
          "yr_max": 2018,
          "n_obs": 44
        },
        "KOR": {
          "rho": 0.5160730414646838,
          "se_rho": 0.1212842442364457,
          "sigma": 0.030040177640819878,
          "var": 0.0009024122726920145,
          "yr_min": 1968,
          "yr_max": 2018,
          "n_obs": 50
        },
        "MEX": {
          "rho": 0.47737065420708236,
          "se_rho": 0.1045832262900481,
          "sigma": 0.042825749020533405,
          "var": 0.0018340447791697178,
          "yr_min": 1955,
          "yr_max": 2018,
          "n_obs": 63
        },
        "MUS": {
          "rho": 0.26023520480477114,
          "se_rho": 0.13515086698088077,
          "sigma": 0.04846577313286608,
          "var": 0.002348931165366444,
          "yr_min": 1975,
          "yr_max": 2018,
          "n_obs": 43
        },
        "MWI": {
          "rho": 0.4414179858381711,
          "se_rho": 0.12862367965802654,
          "sigma": 0.038566905795339834,
          "var": 0.0014874062226266172,
          "yr_min": 1971,
          "yr_max": 2018,
          "n_obs": 47
        },
        "MYS": {
          "rho": 0.48510845665338415,
          "se_rho": 0.139395063696234,
          "sigma": 0.04766472433634422,
          "var": 0.002271925946059685,
          "yr_min": 1980,
          "yr_max": 2018,
          "n_obs": 38
        },
        "NGA": {
          "rho": 0.4596478276341262,
          "se_rho": 0.12134723234660622,
          "sigma": 0.06019479974392789,
          "var": 0.0036234139162115817,
          "yr_min": 1965,
          "yr_max": 2018,
          "n_obs": 53
        },
        "PER": {
          "rho": 0.46788728532209045,
          "se_rho": 0.12067898045014767,
          "sigma": 0.0689817336764149,
          "var": 0.004758479581003834,
          "yr_min": 1965,
          "yr_max": 2018,
          "n_obs": 53
        },
        "PHL": {
          "rho": 0.5411750632344275,
          "se_rho": 0.1308126388913188,
          "sigma": 0.06973821695525102,
          "var": 0.004863418904097662,
          "yr_min": 1976,
          "yr_max": 2018,
          "n_obs": 42
        },
        "SEN": {
          "rho": 0.41859790841711847,
          "se_rho": 0.1392889754804481,
          "sigma": 0.0305281840045065,
          "var": 0.0009319700186130065,
          "yr_min": 1975,
          "yr_max": 2018,
          "n_obs": 43
        },
        "SGP": {
          "rho": 0.5013843792851531,
          "se_rho": 0.1304735792324057,
          "sigma": 0.048591320171704866,
          "var": 0.002361116396029132,
          "yr_min": 1975,
          "yr_max": 2018,
          "n_obs": 43
        },
        "THA": {
          "rho": 0.5258673188511078,
          "se_rho": 0.12143522964354544,
          "sigma": 0.05491849763055442,
          "var": 0.0030160413819972113,
          "yr_min": 1965,
          "yr_max": 2018,
          "n_obs": 53
        },
        "TWN": {
          "rho": 0.40925668235741774,
          "se_rho": 0.12340461003949668,
          "sigma": 0.03213352548074056,
          "var": 0.001032563459821403,
          "yr_min": 1968,
          "yr_max": 2018,